<?xml version="1.0" encoding="UTF-8"?>

<sample>

  <name>tabular</name>
  <title>Tabular Sample</title>
  <description>Shows how a table structure could be created using simple text elements and their border.</description>

  <mainFeature ref="tabular"/>
  <mainFeature ref="taggedpdf"/>
  
  <!-- table -->
  
  <feature name="tabular" title="Creating Table-like Structures">
    <description>
How to create tables using text elements and their border.
    </description>
    <since>0.6.3</since>
    <documentedBy>
      <author>
    	<name>Sanda Zaharia</name>
    	<email>shertage@users.sourceforge.net</email>
      </author>
    </documentedBy>
    <otherSample ref="table"/>
    <otherSample ref="list"/>
    <content>
<subtitle name="overview">Table-like Structures - Overview</subtitle>
<br/>
<br/>
Whenever data has to be organized in distinct rows and columns, a table structure should be created, or at least emulated, in order to 
display these data. Before the built-in <a href="../table/index.html">table component</a> being included in the JasperReports library, 
the most common way to represent tabular data was to create table-like structures based on particular styles and layout configuration 
of the report elements. For instance, if elements in a detail band are configured to share the same y-coordinate and the same height, they 
will result as perfectly aligned in a row at runtime. This row layout is then repeated for each iteration through the datasource, leading to 
a table-like structure organized in rows and columns.
<br/>
To obtain excellent results with table-like structures, it's recommended to carefully set the related layout attributes and styles, 
in order to get elements perfectly aligned, horizontally and vertically. Styles and <code>box</code> elements may also be used to 
individualize cell borders, backgrounds, forecolors, cell paddings, alternative row colors, etc.
<br/>
Attributes that should be carefully handled are:
<ul>
<li><code>x</code></li>
<li><code>y</code></li>
<li><code>width</code></li>
<li><code>height</code></li>
<li><code>style</code></li>
</ul>
<subtitle name="sample">The Tabular Sample</subtitle>
<br/>
<br/>
The <code>TabularReport.jrxml</code> in the sample shows how to create a table using the page header section to generate the table header,
the detail section to generate the table rows, and the column footer section to generate column footers. If the JRXML file is open with a 
report design viewer (such as iReport or JasperStudio), one can see the elements being perfectly aligned, both horizontally and vertically.
<br/>
Let's take a closer look at how the last three elements in the page header section were configured:
<pre><![CDATA[
<pageHeader>
  <band height="30">
    ...
    <staticText>
      <reportElement mode="Opaque" x="300" y="0" width="255" height="15" backcolor="gray">
        <property name="net.sf.jasperreports.export.pdf.tag.th" value="full"/>
        <property name="net.sf.jasperreports.export.pdf.tag.colspan" value="2"/>
        <property name="net.sf.jasperreports.export.pdf.tag.tr" value="end"/>
      </reportElement>
      <box>
        <pen lineWidth="0.5" lineColor="black"/>
        <topPen lineWidth="1" lineColor="red"/>
        <rightPen lineWidth="1" lineColor="red"/>
      </box>
      <textElement textAlignment="Center">
        <font size="12" isBold="true"/>
      </textElement>
      <text><![CDATA[Header 4]] ></text>
    </staticText>
    <staticText>
      <reportElement mode="Opaque" x="300" y="15" width="155" height="15" backcolor="gray">
        <property name="net.sf.jasperreports.export.pdf.tag.tr" value="start"/>
        <property name="net.sf.jasperreports.export.pdf.tag.th" value="full"/>
      </reportElement>
      <box leftPadding="10">
        <pen lineColor="black"/>
        <topPen lineWidth="0.5"/>
        <leftPen lineWidth="0.5"/>
        <bottomPen lineWidth="0.5"/>
      </box>
      <textElement>
        <font isBold="true"/>
      </textElement>
      <text><![CDATA[Header 4.1]] ></text>
    </staticText>
    <staticText>
      <reportElement mode="Opaque" x="455" y="15" width="100" height="15" backcolor="gray">
        <property name="net.sf.jasperreports.export.pdf.tag.th" value="full"/>
        <property name="net.sf.jasperreports.export.pdf.tag.tr" value="end"/>
      </reportElement>
      <box rightPadding="10">
        <pen lineColor="black"/>
        <topPen lineWidth="0.5"/>
        <leftPen lineWidth="0.5"/>
        <bottomPen lineWidth="0.5"/>
        <rightPen lineWidth="1" lineColor="red"/>
      </box>
      <textElement textAlignment="Right">
        <font isBold="true"/>
      </textElement>
      <text><![CDATA[Header 4.2]] ></text>
    </staticText>
  </band>
</pageHeader>]]></pre>
Notice that the <code>Header 4</code> element is only 15 pixels high, while the band height is 30. It means that there is left 
some unused space below this static text. It starts from <code>y=0, x=300</code> and is 255 pixels wide.
<br/>
The next element labeled <code>Header 4.1</code> starts from <code>y=15</code> and is 15 pixels high. Vertically, it fits perfectly 
in the unused space below the <code>Header 4</code> element. But its width=155 pixels is not enough to fill the entire available horizontal 
space. So, we still have unused space in this layout design.
<br/>
This space will be completely covered by the last element labeled <code>Header 4.2</code>. It starts from <code>y=15, x=455</code>, is 15 
pixels high and 100 pixels wide, therefore it fits perfectly in the available space.
<br/>
This way was emulated a table header with nested column headers. With a little bit more accurate design, one could emulate column group 
headers and other header structures with increased complexity.
<br/>
It should also be noticed how the <code>box</code> elements were designed, piece by piece, to configure borders for table and header cells. The 
background color for all header cells is set to <code>grey</code>.
<br/>
<br/>
<b>Running the Sample</b>
<br/>
<br/>
Running the sample requires the <a href="http://ant.apache.org/">Apache Ant</a> library. Make sure that <code>ant</code> is already installed on your system (version 1.5 or later).
<br/>
In a command prompt/terminal window set the current folder to <code>demo/samples/table</code> within the JasperReports source project and run the <code>&gt; ant test view</code> command.
<br/>
It will generate all supported document types containing the sample report in the <code>demo/samples/table/build/reports</code> directory. 
<br/>
Then the report will open in the JasperReports internal viewer.
    </content>
  </feature>


  <!-- taggedpdf -->
  
  <feature name="taggedpdf" title="Using PDF tags to create tables in generated PDF documents">
    <description>
How to create tables in generated PDF documents using PDF tags.
    </description>
    <since>3.1.2</since>
    <content>
[Under Construction]
    </content>
  </feature>


</sample>
